	{
		"metadata": {
			"formatVersion" : 3.1,
			"generatedBy"   : "Blender 2.7 Exporter",
			"vertices"      : 128,
			"faces"         : 128,
			"normals"       : 33,
			"colors"        : 0,
			"uvs"           : [],
			"materials"     : 2,
			"morphTargets"  : 0,
			"bones"         : 0
		},
			"scale" : 1.000000,
			
			"vertices" : [-0.975885,5.21541e-07,-0.722448,0.975883,5.21541e-07,-0.722451,-0.975884,0.5,-0.722449,0.975883,0.5,-0.722451,-0.975883,5.51343e-07,6.51257e-07,0.975883,5.51343e-07,-6.51257e-07,-0.975884,0.500001,4.80389e-07,0.975884,0.500001,-5.24101e-07,-0.975884,5.51343e-07,-0.14445,-0.975884,0.500001,-0.14445,0.975883,5.51343e-07,-0.144453,0.975884,0.500001,-0.144453,-0.758113,5.21541e-07,-0.722449,0.758111,5.21541e-07,-0.722451,-0.758112,0.5,-0.722449,0.758112,0.5,-0.722451,-0.758112,5.51343e-07,5.4558e-07,0.758112,5.51343e-07,-5.4558e-07,0.758112,0.500001,-5.19007e-07,-0.758112,0.500001,4.75295e-07,-0.758112,5.51343e-07,-0.14445,0.758112,5.51343e-07,-0.144453,0.758112,0.500001,-0.144453,-0.758112,0.500001,-0.144451,0.174776,5.21541e-07,-0.72245,-0.174778,5.21541e-07,-0.722449,0.174776,0.5,-0.72245,-0.174777,0.5,-0.72245,0.174777,5.51343e-07,-1.21474e-07,-0.174777,5.51343e-07,1.21474e-07,-0.174777,0.500001,8.47169e-08,0.174777,0.500001,-1.28429e-07,0.174776,5.51343e-07,-0.144452,-0.174777,5.51343e-07,-0.144451,-0.174777,0.500001,-0.144451,0.174777,0.500001,-0.144452,-0.975884,5.36442e-07,-0.465128,-0.975884,0.500001,-0.465129,0.975883,5.36442e-07,-0.465131,0.975883,0.500001,-0.465131,-0.758113,5.36442e-07,-0.465129,0.758111,5.36442e-07,-0.465131,-0.758112,0.500001,-0.465129,0.758112,0.500001,-0.465131,-0.174777,5.36442e-07,-0.465129,0.174776,5.36442e-07,-0.46513,-0.174777,0.500001,-0.46513,0.174777,0.500001,-0.46513,-0.758113,5.36442e-07,-0.304789,0.758112,5.36442e-07,-0.304792,-0.174777,5.36442e-07,-0.30479,0.174776,5.36442e-07,-0.304791,-0.975884,5.36442e-07,-0.304789,-0.975884,0.500001,-0.30479,0.975883,5.36442e-07,-0.304792,0.975883,0.500001,-0.304792,-0.758112,0.500001,-0.30479,0.758112,0.500001,-0.304792,-0.174777,0.500001,-0.304791,0.174777,0.500001,-0.304791,0.466445,0.500001,-0.304791,0.758112,0.45102,-0.144453,-0.758112,0.45102,-0.144451,-0.174777,0.45102,-0.144451,0.174777,0.45102,-0.144452,0.174777,0.45102,-0.46513,-0.758112,0.45102,-0.30479,-0.174777,0.45102,-0.304791,0.174777,0.45102,-0.304791,0.466445,0.45102,-0.304791,0.975884,5.81145e-07,0.72245,-0.975884,5.81145e-07,0.72245,0.975883,0.500001,0.72245,-0.975884,0.500001,0.722449,0.975884,5.51343e-07,0.144451,0.975883,0.500001,0.144452,-0.975884,5.51343e-07,0.144451,-0.975884,0.500001,0.144451,0.758112,5.81145e-07,0.72245,-0.758112,5.81145e-07,0.72245,0.758111,0.500001,0.72245,-0.758113,0.500001,0.72245,0.758112,5.51343e-07,0.144451,-0.758112,5.51343e-07,0.144451,-0.758113,0.500001,0.144451,0.758112,0.500001,0.144452,-0.174777,5.81145e-07,0.72245,0.174777,5.81145e-07,0.72245,-0.174777,0.500001,0.72245,0.174776,0.500001,0.72245,-0.174777,5.51343e-07,0.144451,0.174777,5.51343e-07,0.144451,0.174776,0.500001,0.144452,-0.174777,0.500001,0.144452,0.975884,5.66244e-07,0.46513,0.975883,0.500001,0.46513,-0.975884,5.66244e-07,0.46513,-0.975884,0.500001,0.46513,0.758112,5.66244e-07,0.46513,-0.758112,5.66244e-07,0.46513,0.758111,0.500001,0.46513,-0.758113,0.500001,0.46513,0.174777,5.66244e-07,0.46513,-0.174777,5.66244e-07,0.46513,0.174776,0.500001,0.46513,-0.174777,0.500001,0.46513,0.758112,5.66244e-07,0.304791,-0.758112,5.66244e-07,0.304791,0.174777,5.66244e-07,0.304791,-0.174777,5.66244e-07,0.304791,0.975884,5.66244e-07,0.304791,0.975883,0.500001,0.304791,-0.975884,5.66244e-07,0.30479,-0.975884,0.500001,0.30479,0.758111,0.500001,0.304791,-0.758113,0.500001,0.304791,0.174776,0.500001,0.304791,-0.174777,0.500001,0.304791,-0.466445,0.500001,0.304791,-0.758113,0.45102,0.144451,0.758112,0.45102,0.144452,0.174776,0.45102,0.144452,-0.174777,0.45102,0.144452,-0.174777,0.45102,0.46513,0.758111,0.45102,0.304791,0.174776,0.45102,0.304791,-0.174777,0.45102,0.304791,-0.466445,0.45102,0.304791],
			"faces"    : [35,41,13,1,38,0,0,1,2,3,35,43,39,3,15,0,4,5,6,7,35,2,0,36,37,0,8,9,10,11,35,13,15,3,1,0,1,7,6,2,35,10,11,7,5,0,3,5,5,3,35,17,21,10,5,0,0,0,3,3,35,18,7,11,22,0,4,5,5,12,35,4,6,9,8,0,10,11,11,10,35,54,55,11,10,0,3,5,5,3,35,36,0,12,40,0,10,9,1,0,35,45,24,13,41,0,0,1,1,0,35,37,42,14,2,0,11,4,7,8,35,47,43,15,26,0,13,4,7,7,35,0,2,14,12,0,9,8,7,1,35,24,26,15,13,0,1,7,7,1,35,4,8,20,16,0,10,10,0,0,35,28,32,21,17,0,0,14,0,0,35,6,19,23,9,0,11,4,15,11,35,31,18,22,35,0,4,4,12,7,35,40,12,25,44,0,0,1,1,0,35,44,25,24,45,0,0,1,1,0,35,42,46,27,14,0,4,4,7,7,35,46,47,26,27,0,4,13,7,7,35,12,14,27,25,0,1,7,7,1,35,25,27,26,24,0,1,7,7,1,35,16,20,33,29,0,0,0,0,0,35,29,33,32,28,0,0,0,14,0,35,19,30,34,23,0,4,4,7,15,35,30,31,35,34,0,4,4,7,7,35,49,41,38,54,0,0,0,3,3,35,57,55,39,43,0,4,5,5,4,35,52,53,37,36,0,10,11,11,10,35,1,3,39,38,0,2,6,5,3,35,52,36,40,48,0,10,10,0,0,35,51,45,41,49,0,0,0,0,0,35,53,56,42,37,0,11,16,4,11,35,60,57,43,47,0,17,4,4,13,35,48,40,44,50,0,0,0,0,0,35,50,44,45,51,0,0,0,0,0,35,56,58,46,42,0,16,18,4,4,35,58,59,47,46,0,18,19,13,4,35,38,39,55,54,0,3,5,5,3,35,21,49,54,10,0,0,0,3,3,35,22,11,55,57,0,12,5,5,4,35,8,9,53,52,0,10,11,11,10,35,8,52,48,20,0,10,10,0,0,35,32,51,49,21,0,14,0,0,0,35,9,23,56,53,0,11,15,16,11,34,22,57,60,0,12,4,17,35,20,48,50,33,0,0,0,0,0,35,33,50,51,32,0,0,0,0,14,35,58,56,66,67,0,18,16,19,18,35,59,58,67,68,0,19,18,18,16,35,22,60,69,61,0,12,17,17,20,35,60,47,65,69,0,17,13,21,17,35,62,63,67,66,1,6,7,18,19,35,63,64,68,67,1,7,7,16,18,35,64,61,69,68,1,7,20,17,16,34,68,69,65,1,16,17,21,35,47,59,68,65,0,13,19,16,21,35,56,23,62,66,0,16,15,6,19,35,34,35,64,63,0,7,7,7,7,35,23,34,63,62,0,15,7,7,6,35,35,22,61,64,0,7,12,20,7,35,99,79,71,96,0,0,22,23,10,35,101,97,73,81,0,4,11,24,18,35,94,95,72,70,0,3,5,19,25,35,79,81,73,71,0,22,18,24,23,35,30,19,84,93,0,4,4,26,18,35,16,83,76,4,0,0,0,10,10,35,19,6,77,84,0,4,11,11,26,35,5,7,75,74,0,3,5,5,3,35,112,113,77,76,0,10,11,11,10,35,94,70,78,98,0,3,25,22,0,35,103,86,79,99,0,0,22,22,0,35,95,100,80,72,0,5,4,18,19,35,105,101,81,88,0,27,4,18,18,35,70,72,80,78,0,25,19,18,22,35,86,88,81,79,0,22,18,18,22,35,28,91,90,29,0,0,0,0,0,35,7,18,85,75,0,5,4,28,5,35,31,30,93,92,0,4,4,18,18,35,29,90,83,16,0,0,0,0,0,35,98,78,87,102,0,0,22,22,0,35,102,87,86,103,0,0,22,22,0,35,100,104,89,80,0,4,4,18,18,35,104,105,88,89,0,4,27,18,18,35,78,80,89,87,0,22,18,18,22,35,87,89,88,86,0,22,18,18,22,35,17,82,91,28,0,0,0,0,0,35,76,77,6,4,0,10,11,11,10,35,107,99,96,112,0,0,0,10,10,35,115,113,97,101,0,4,11,11,4,35,110,111,95,94,0,3,5,5,3,35,71,73,97,96,0,23,24,11,10,35,110,94,98,106,0,3,3,0,14,35,109,103,99,107,0,0,0,0,0,35,111,114,100,95,0,5,29,4,5,35,118,115,101,105,0,30,4,4,27,35,106,98,102,108,0,14,0,0,0,35,108,102,103,109,0,0,0,0,0,35,114,116,104,100,0,29,7,4,4,35,116,117,105,104,0,7,8,27,4,35,96,97,113,112,0,10,11,11,10,35,83,107,112,76,0,0,0,10,10,35,84,77,113,115,0,26,11,11,4,35,74,75,111,110,0,3,5,5,3,35,74,110,106,82,0,3,3,14,0,35,90,109,107,83,0,0,0,0,0,35,75,85,114,111,0,5,28,29,5,34,84,115,118,0,26,4,30,35,82,106,108,91,0,0,14,0,0,35,91,108,109,90,0,0,0,0,0,35,116,114,124,125,0,7,29,8,7,35,117,116,125,126,0,8,7,7,29,35,84,118,127,119,0,26,30,30,31,35,118,105,123,127,0,30,27,32,30,35,120,121,125,124,1,24,18,7,8,35,121,122,126,125,1,18,18,29,7,35,122,119,127,126,1,18,31,30,29,34,126,127,123,1,29,30,32,35,105,117,126,123,0,27,8,29,32,35,114,85,120,124,0,29,28,24,8,35,92,93,122,121,0,18,18,18,18,35,85,92,121,120,0,28,18,18,24,35,93,84,119,122,0,18,26,31,18,35,5,74,82,17,0,3,3,0,0,35,18,31,92,85,0,4,4,18,28],
			"uvs"      : [],